"Number","Description","Date","URL"
"277","Governor Murphy Launches New Jersey Health Care Cost Benchmark Program",2021-12-21,"https://nj.gov/infobank/eo/056murphy/pdf/EO-277.pdf"
"276","Governor Murphy Orders Flags to Fly at Half-Staff in Honor of U.S. Senator Bob Dole",2021-12-08,"https://nj.gov/infobank/eo/056murphy/pdf/EO-276.pdf"
"275","Governor Murphy Signs Executive Order Clarifying Certain Statutory Deadlines Across State Government - Appendix To Executive Order No. 275",2021-11-23,"https://nj.gov/infobank/eo/056murphy/pdf/EO-275.pdf"
"274","Governor Murphy Advances Climate Action to Secure New Jersey’s Clean Energy Future",2021-11-10,"https://nj.gov/infobank/eo/056murphy/pdf/EO-274.pdf"
"273","Governor Murphy Lifts Storm-Related State of Emergency",2021-11-01,"https://nj.gov/infobank/eo/056murphy/pdf/EO-273.pdf"
"272","Declares State of Emergency in Preparation for Nor’easter Storm",2021-10-25,"https://nj.gov/infobank/eo/056murphy/pdf/EO-272.pdf"
"271","Governor Murphy Signs Executive Order Instituting Vaccination or Testing Requirement for State Contracted Employees",2021-10-20,"https://nj.gov/infobank/eo/056murphy/pdf/EO-271.pdf"
"270","Governor Murphy Orders Flags to Fly at Half-Staff in Honor of General Colin Luther  Powell",2021-10-18,"https://nj.gov/infobank/eo/056murphy/pdf/EO-270.pdf"
"269","Governor Murphy Orders Flags to Fly at Half-Staff in Honor of General Ray Odierno",2021-10-18,"https://nj.gov/infobank/eo/056murphy/pdf/EO-269.pdf"
"268","Governor Murphy Orders Flags to Fly at Half-Staff in Honor of Assemblyman George Richardson",2021-10-14,"https://nj.gov/infobank/eo/056murphy/pdf/EO-268.pdf"
"267","Governor Murphy Signs Executive Order Addressing Duplications of Benefits in Expenditures of American Rescue Plan State and Local Fiscal Recovery Funds",2021-10-08,"https://nj.gov/infobank/eo/056murphy/pdf/EO-267.pdf"
"266","Governor Murphy Signs Executive Order to Increase Pay for New Jersey’s Poll Workers for the November 2021 General Election",2021-10-05,"https://nj.gov/infobank/eo/056murphy/pdf/EO-266.pdf"
"265","Creates the Office of Diversity, Equity, Inclusion, and Belonging in the Governor’s Office.",2021-09-20,"https://nj.gov/infobank/eo/056murphy/pdf/EO-265.pdf"
"264","Governor Murphy Signs Executive Order Instituting Vaccination or Testing Requirement for All Child Care Center Personnel",2021-09-20,"https://nj.gov/infobank/eo/056murphy/pdf/EO-264.pdf"
"263","Governor Murphy Signs Executive Order Allowing Extended Rulemaking Deadlines to Expire",2021-09-17,"https://nj.gov/infobank/eo/056murphy/pdf/EO-263.pdf"
"262","Governor Murphy Orders establishing the Wealth Disparity Task Force, which was previously announced on Juneteenth of this year.",2021-09-14,"https://nj.gov/infobank/eo/056murphy/pdf/EO-262.pdf"
"261","Governor Murphy Orders Flags to Fly at Half-Staff in Observation of the 20th Anniversary of 9/11",2021-09-10,"https://nj.gov/infobank/eo/056murphy/pdf/EO-261.pdf"
"260","Governor Murphy Directs U.S. and New Jersey Flags to Fly at Half-Staff to Honor Those Who Lost Their Lives to Tropical Storm Ida",2021-09-07,"https://nj.gov/infobank/eo/056murphy/pdf/EO-260.pdf"
"259","Governor Murphy Declares State of Emergency in Response to Tropical Storm Ida",2021-09-01,"https://nj.gov/infobank/eo/056murphy/pdf/EO-259.pdf"
"258","Governor Murphy Directs U.S. and New Jersey Flags to Fly at Half-Staff in Honor of Berkeley Township Beach Patrol Lifeguard Keith Pinto",2021-09-01,"https://nj.gov/infobank/eo/056murphy/pdf/EO-258.pdf"
"257","Governor Murphy Governor Murphy Directs U.S. and New Jersey Flags to Fly at Half-Staff in Honor of Former Assembly Speaker Pro Tempore Nicholas R. Felice",2021-08-31,"https://nj.gov/infobank/eo/056murphy/pdf/EO-257.pdf"
"256","Governor Murphy Establishes Task Force on Afghan Refugee Assistance",2021-08-27,"https://nj.gov/infobank/eo/056murphy/pdf/EO-256.pdf"
"255","Governor Murphy Directs U.S. and New Jersey Flags to Fly at Half-Staff until sunset on Monday, August 30, 2021, in recognition and mourning of the United States Armed Forces members and innocent civilians who lost their lives in the attack at the Kabul airport on August 26, 2021.",2021-08-27,"https://nj.gov/infobank/eo/056murphy/pdf/EO-255.pdf"
"254","Murphy Directs U.S. and New Jersey Flags to Fly at Half-Staff in Honor of Cape May Beach Patrol Lifeguard Norman V. Inferrera, III",2021-08-24,"https://nj.gov/infobank/eo/056murphy/pdf/EO-254.pdf"
"253","Instituting Vaccination or Testing Requirement for All Preschool to Grade 12 Personnel and for All State Workers",2021-08-23,"https://nj.gov/infobank/eo/056murphy/pdf/EO-253.pdf"
"252","Directs Vaccination or Testing Requirement for Workers in Health Care Facilities and High-Risk Congregate Settings",2021-08-06,"https://nj.gov/infobank/eo/056murphy/pdf/EO-252.pdf"
"251","Governor Murphy Announces Indoor Mask Requirement for Beginning of 2021-2022 School Year",2021-08-06,"https://nj.gov/infobank/eo/056murphy/pdf/EO-251.pdf"
"250","Governor Murphy Directs U.S. and New Jersey Flags to Fly at Half-Staff in Honor of AFL-CIO President Richard Trumka",2021-08-06,"https://nj.gov/infobank/eo/056murphy/pdf/EO-250.pdf"
"249","Updates the state’s evictions moratorium to be identical to provisions in S-3691, including the rescinding of certain provisions of Executive Order No. 106 (2020) and aligning expiration dates of other provisions in accordance with the new law.",2021-08-04,"https://nj.gov/infobank/eo/056murphy/pdf/EO-249.pdf"
"248","Governor Murphy Signs Executive Order Updating Procedures Related to the National Incident Management System",2021-07-20,"https://nj.gov/infobank/eo/056murphy/pdf/EO-248.pdf"
"247","Governor Murphy Directs U.S. and New Jersey Flags to Fly at Half-Staff in Honor of Former Camden Mayor Gwendolyn Faison",2021-07-12,"https://nj.gov/infobank/eo/056murphy/pdf/EO-247.pdf"
"246","Governor Murphy Signs Executive Order Ending Moratorium on Utility Shutoffs, Establishes Six-Month Grace Period for All Customers",2021-06-14,"https://nj.gov/infobank/eo/056murphy/pdf/EO-246.pdf"
"245","Governor Murphy Directs U.S. and New Jersey Flags to Fly at Half-Staff in Honor of Private First Class Dalton Beals",2021-06-08,"https://nj.gov/infobank/eo/056murphy/pdf/EO-245.pdf"
"244","Governor Murphy Signs Legislation and Executive Order Ending COVID-19 Public Health Emergency",2021-06-04,"https://nj.gov/infobank/eo/056murphy/pdf/EO-244.pdf"
"243","Rescinds the requirement from Executive Order No. 107 that businesses and non-profits accommodate telework arrangements for their workforce to the maximum extent practicable and reduce their on-site staff to the minimal number necessary for their operations.",2021-05-26,"https://nj.gov/infobank/eo/056murphy/pdf/EO-243.pdf"
"242","Governor Murphy Lifts Major COVID-19 Restrictions, Moves Forward with Most Significant Reopening Steps to Date",2021-05-24,"https://nj.gov/infobank/eo/056murphy/pdf/EO-242.pdf"
"241","Governor Eliminates Mask Requirement in Outdoor Public Spaces",2021-05-17,"https://nj.gov/infobank/eo/056murphy/pdf/EO-241.pdf"
"240","Governor Extends the Public Health Emergency for Another 30-Day Period",2021-05-14,"https://nj.gov/infobank/eo/056murphy/pdf/EO-240.pdf"
"239","Governor Murphy Signs Executive Order Implementing Second Phase of COVID-19 Restriction Easing",2021-05-12,"https://nj.gov/infobank/eo/056murphy/pdf/EO-239.pdf"
"238","Governor Murphy Signs Executive Order announcing an additional easing of restrictions, including a removal of all percentage capacity limits for indoor and outdoor businesses, a lifting of the prohibition on indoor bar seating, and an end to the outdoor gathering limit.",2021-05-03,"https://nj.gov/infobank/eo/056murphy/pdf/EO-238.pdf"
"237","Governor Murphy Signs Executive Order Permitting Summer Youth Overnight and Day Camps for the 2021 Season",2021-04-28,"https://nj.gov/infobank/eo/056murphy/pdf/EO-237.pdf"
"236","Governor Murphy Directs U.S. and New Jersey Flags to Remain at Half-Staff Until Interment in Honor of Vice President Walter Mondale",2021-04-21,"https://nj.gov/infobank/eo/056murphy/pdf/EO-236.pdf"
"235","The Order extends the Public Health Emergency that was declared on March 9, 2020 through Executive Order No. 103, which was previously extended in 2020 on April 7, May 6, June 4, July 2, August 1, August 27, September 25, October 24, November 22, and December 21, and again in 2021 on January 19, February 17, and March 17.",2021-04-15,"https://nj.gov/infobank/eo/056murphy/pdf/EO-235.pdf"
"234","Governor Murphy Announces Increased Outdoor Gathering Limits and Increased Capacity for Large Venues",2021-03-29,"https://nj.gov/infobank/eo/056murphy/pdf/EO-234.pdf"
"233","Provides all stimulus payments issued to New Jerseyans under the American Rescue Plan Act to be exempt from, and will not be subject to, garnishment by private creditors and debt collectors.",2021-03-24,"https://nj.gov/infobank/eo/056murphy/pdf/EO-233.pdf"
"232","Governor Murphy Signs Executive Order Allowing Outdoor Interstate Youth Sports Competitions",2021-03-17,"https://nj.gov/infobank/eo/056murphy/pdf/EO-232.pdf"
"231","Governor Murphy Signs Executive Order Extending Public Health Emergency in New Jersey",2021-03-17,"https://nj.gov/infobank/eo/056murphy/pdf/EO-231.pdf"
"230","Governor Murphy Announces Increased Capacity Limits for Indoor Businesses and Indoor and Outdoor Gatherings",2021-03-11,"https://nj.gov/infobank/eo/056murphy/pdf/EO-230.pdf"
"229","Governor Murphy Signs Executive Order Extending Utility Shutoff Moratorium Through June 30, 2021",2021-03-03,"https://nj.gov/infobank/eo/056murphy/pdf/EO-229.pdf"
"228","Governor Murphy Signs Executive Order Clarifying Wedding Receptions Can Operate at Increased Capacity",2021-03-03,"https://nj.gov/infobank/eo/056murphy/pdf/EO-228.pdf"
"227","Governor Murphy Signs Executive Order Creating the Age-Friendly State Advisory Council",2021-03-02,"https://nj.gov/infobank/eo/056murphy/pdf/EO-227.pdf"
"226","Governor Murphy Lifts Storm-Related State of Emergency",2021-02-23,"https://nj.gov/infobank/eo/056murphy/pdf/EO-226.pdf"
"225","Governor Murphy Announces Increased Capacity Limits for Religious Services and Large Sports and Entertainment Venues, and Spectators for Collegiate Sporting Events",2021-02-22,"https://nj.gov/infobank/eo/056murphy/pdf/EO-225.pdf"
"224","Governor Murphy Directs U.S. and New Jersey Flags to Fly at Half-Staff in Honor of Senator Gerry Cardinale",2021-02-21,"https://nj.gov/infobank/eo/056murphy/pdf/EO-224.pdf"
"223","Governor Murphy Clarifies Procedures for Upcoming Elections",2021-02-19,"https://nj.gov/infobank/eo/056murphy/pdf/EO-223.pdf"
"222","Governor Murphy Signs Executive Order Extending Public Health Emergency in New Jersey",2021-02-17,"https://nj.gov/infobank/eo/056murphy/pdf/EO-222.pdf"
"221","Governor Murphy signed Executive Order No. 221 establishing the Office of Climate Action and the Green Economy",2021-02-16,"https://nj.gov/infobank/eo/056murphy/pdf/EO-221.pdf"
"220","Governor Murphy Announces Executive Order Allowing Limited Spectators at Youth Sporting Events",2021-02-12,"https://nj.gov/infobank/eo/056murphy/pdf/EO-220.pdf"
"219","Governor Murphy Signs Executive Order Raising Indoor Capacity Limits from 25 Percent to 35 Percent for Certain Businesses",2021-02-03,"https://nj.gov/infobank/eo/056murphy/pdf/EO-219.pdf"
"218","Governor Murphy Declares State of Emergency In Response to Expected Winter Storm",2021-01-31,"https://nj.gov/infobank/eo/056murphy/pdf/EO-218.pdf"
"217","Governor Murphy Signs Executive Order Advancing Health Care Affordability Efforts",2021-01-28,"https://nj.gov/infobank/eo/056murphy/pdf/EO-217.pdf"
"216","Governor Murphy Signs Executive Order on Petition Requirements for Upcoming Elections, Including the June Primary Election",2021-01-25,"https://nj.gov/infobank/eo/056murphy/pdf/EO-216.pdf"
"215","Governor Murphy Signs Executive Order Extending Public Health Emergency in New Jersey",2021-01-19,"https://nj.gov/infobank/eo/056murphy/pdf/EO-215.pdf"
"214","Governor Murphy Signs Executive Order to Implement New Policies for the 2020-2021 School Year",2021-01-11,"https://nj.gov/infobank/eo/056murphy/pdf/EO-214.pdf"
"213","Governor Murphy Directs U.S. and New Jersey Flags to Fly at Half-Staff in Honor of U.S. Capitol Police Officer Brian Sicknick and shall remain at half-staff through the day of Officer Sicknick’s interment",2021-01-10,"https://nj.gov/infobank/eo/056murphy/pdf/EO-213.pdf"
"212","Governor Murphy Directs U.S. and New Jersey Flags to Fly at Half-Staff in Honor of U.S. Capitol Police Officer Brian Sicknick",2021-01-09,"https://nj.gov/infobank/eo/056murphy/pdf/EO-212.pdf"
"211","Governor Murphy Signs Executive Order Postponing Upcoming Elections",2020-12-21,"https://nj.gov/infobank/eo/056murphy/pdf/EO-211.pdf"
"210","Governor Murphy Signs Executive Order Extending Public Health Emergency in New Jersey",2020-12-21,"https://nj.gov/infobank/eo/056murphy/pdf/EO-210.pdf"
"209","Governor Murphy Lifts Storm-Related State of Emergency",2020-12-18,"https://nj.gov/infobank/eo/056murphy/pdf/EO-209.pdf"
"208","Governor Murphy Declares State of Emergency In Response to Expected Winter Storm",2020-12-16,"https://nj.gov/infobank/eo/056murphy/pdf/EO-208.pdf"
"207","Enrolling Residents Who Choose to Receive a COVID-19 Vaccine in the New Jersey Immunization Information System",2020-12-04,"https://nj.gov/infobank/eo/056murphy/pdf/EO-207.pdf"
"206","Governor Phil Murphy today ordered that the U.S. and New Jersey flags be flown at half-staff at all state buildings and facilities from Friday, December 4, 2020 through Sunday, December 6, 2020, in honor of State Police Trooper Recruit Lucas C. Homeijer.",2020-12-03,"https://nj.gov/infobank/eo/056murphy/pdf/EO-206.pdf"
"205","the U.S. and New Jersey flags be flown at half-staff at all state buildings and facilities on Thursday, December 3, 2020, in honor of U.S. Air Force Captain Kelliann Leli",2020-12-02,"https://nj.gov/infobank/eo/056murphy/pdf/EO-205.pdf"
"204","Governor Murphy Signs Executive Order Pausing Indoor Practices and Competitions for Youth and Adult Sports and Lowering Limits on Outdoor Gatherings",2020-11-30,"https://nj.gov/infobank/eo/056murphy/pdf/EO-204.pdf"
"203","Governor Murphy Signs Executive Order Postponing Special School Elections Scheduled for January 2021",2020-11-25,"https://nj.gov/infobank/eo/056murphy/pdf/EO-203.pdf"
"202","Governor Murphy Directs U.S. and New Jersey Flags to Fly at Half-Staff in Honor of Former New York City Mayor David N. Dinkins",2020-11-25,"https://nj.gov/infobank/eo/056murphy/pdf/EO-202.pdf"
"201","Governor Murphy Signs Legislation to Bring Changes to the Use of Body Worn Cameras by New Jersey Law Enforcement",2020-11-24,"https://nj.gov/infobank/eo/056murphy/pdf/EO-201.pdf"
"200","Governor Murphy Signs Executive Order Extending Public Health Emergency in New Jersey",2020-11-22,"https://nj.gov/infobank/eo/056murphy/pdf/EO-200.pdf"
"199","Governor Murphy Directs U.S. and New Jersey Flags to Fly at Half-Staff in Honor of United States Air Force Senior Airman Richard Asey Samaroo",2020-11-20,"https://nj.gov/infobank/eo/056murphy/pdf/EO-199.pdf"
"198","Governor Murphy Signs Executive Order Extending Certain Election-Related Deadlines",2020-11-19,"https://nj.gov/infobank/eo/056murphy/pdf/EO-198.pdf"
"197","Governor Murphy Signs Executive Order Waiving Statutory Minimum Number of Live Race Dates for 2020 Calendar Year",2020-11-17,"https://nj.gov/infobank/eo/056murphy/pdf/EO-197.pdf"
"196","Governor Murphy Signs Executive Order Lowering Limits on Indoor and Outdoor Gatherings",2020-11-16,"https://nj.gov/infobank/eo/056murphy/pdf/EO-196.pdf"
"195","Governor Murphy Signs Executive Order Permitting Municipalities and Counties to Impose Additional Restrictions on the Hours of Operation of Non-Essential Businesses after 8:00 p.m.",2020-11-12,"https://nj.gov/infobank/eo/056murphy/pdf/EO-195.pdf"
"194","Governor Murphy Announces New COVID-19 Mitigation Measures",2020-11-10,"https://nj.gov/infobank/eo/056murphy/pdf/EO-194.pdf"
"193","Governor Murphy Signs Executive Order to Postpone Perth Amboy Runoff Election",2020-11-02,"https://nj.gov/infobank/eo/056murphy/pdf/EO-193.pdf"
"192","Governor Murphy Signs Executive Order to Protect New Jersey’s Workforce During the COVID-19 Pandemic",2020-10-28,"https://nj.gov/infobank/eo/056murphy/pdf/EO-192.pdf"
"191","The Order extends the Public Health Emergency that was declared on March 9, 2020 through Executive Order No. 103, which was previously extended on April 7, May 6, June 4, July 2, August 1, August 27, and September 25.",2020-10-24,"https://nj.gov/infobank/eo/056murphy/pdf/EO-191.pdf"
"190","Governor Murphy Signs Executive Order Extending Utility Shutoff Moratorium Through March 15, 2021",2020-10-15,"https://nj.gov/infobank/eo/056murphy/pdf/EO-190.pdf"
"189","Governor Murphy Signs Executive Order Extending 2019 Corporate Business Tax Calendar Year Return Filing Deadline",2020-10-15,"https://nj.gov/infobank/eo/056murphy/pdf/EO-189.pdf"
"188","Governor Murphy Signs Executive Order Directing State Agencies to Implement Youth Bias Task Force Report Recommendations",2020-10-13,"https://nj.gov/infobank/eo/056murphy/pdf/EO-188.pdf"
"187","Governor Murphy Signs Executive Order Allowing the Resumption of Contact Practices and Competitions for Certain Organized Sports in Indoor Settings",2020-10-12,"https://nj.gov/infobank/eo/056murphy/pdf/EO-187.pdf"
"186","Governor Murphy Signs Executive Order Extending Public Health Emergency in New Jersey",2020-09-25,"https://nj.gov/infobank/eo/056murphy/pdf/EO-186.pdf"
"185","Governor Murphy Directs U.S. and New Jersey Flags to Fly at Half-Staff in Honor of Justice Ruth Bader Ginsburg",2020-09-19,"https://nj.gov/infobank/eo/056murphy/pdf/EO-185.pdf"
"184","Governor Murphy Orders Flags to Fly at Half-Staff in Observation of 9/11 Anniversary",2020-09-10,"https://nj.gov/infobank/eo/056murphy/pdf/EO-184.pdf"
"183","Governor Murphy Signs Executive Order Allowing the Resumption of Indoor Dining Effective Friday, September 4",2020-09-01,"https://nj.gov/infobank/eo/056murphy/pdf/EO-183.pdf"
"182","Governor Murphy Directs U.S. and New Jersey Flags to Fly at Half-Staff in Honor of Staff Sergeant Vincent P. Marketta",2020-08-31,"https://nj.gov/infobank/eo/056murphy/pdf/EO-182.pdf"
"181","Governor Murphy Signs Executive Order Allowing Gyms and Indoor Amusement and Water Parks to Reopen Effective Tuesday, September 1",2020-08-27,"https://nj.gov/infobank/eo/056murphy/pdf/EO-181.pdf"
"180","Governor Murphy Signs Executive Order Extending Public Health Emergency in New Jersey",2020-08-27,"https://nj.gov/infobank/eo/056murphy/pdf/EO-180.pdf"
"179","Governor Phil Murphy signed an executive order to make modifications to this year’s primarily vote-by-mail (VBM) General Election.",2020-08-25,"https://nj.gov/infobank/eo/056murphy/pdf/EO-179.pdf"
"178","Governor Murphy Signs Executive Order Extending Certain Statutory Deadlines Across State Government  Appendix To Executive Order No. 178",2020-08-14,"https://nj.gov/infobank/eo/056murphy/pdf/EO-178.pdf"
"177","Governor Murphy Signs Executive Order to Protect Public Health by Mailing Every Active Registered Voter a VBM Ballot Ahead of the General Election",2020-08-14,"https://nj.gov/infobank/eo/056murphy/pdf/EO-177.pdf"
"176","Governor Murphy Lifts State of Emergency Declared in Response to Hurricane Isaias",2020-08-13,"https://nj.gov/infobank/eo/056murphy/pdf/EO-176.pdf"
"175","Murphy Administration to Open New Jersey’s Schools For In-Person Instruction Subject to Critical Health and Safety Protocols",2020-08-13,"https://nj.gov/infobank/eo/056murphy/pdf/EO-175.pdf"
"174","Governor Murphy Declares State of Emergency in Response to Hurricane Isaias",2020-08-03,"https://nj.gov/infobank/eo/056murphy/pdf/EO-174.pdf"
"173","Governor Murphy Announces Decreased Indoor Gathering Capacity Limit",2020-08-03,"https://nj.gov/infobank/eo/056murphy/pdf/EO-173.pdf"
"172","Governor Murphy Signs Executive Order Allowing Public Employees to Immediately Enroll in State Health Benefits Program",2020-08-03,"https://nj.gov/infobank/eo/056murphy/pdf/EO-172.pdf"
"171","The Order extends the Public Health Emergency that was declared on March 9, 2020 through Executive Order No. 103, which was previously extended on April 7, May 6, June 4, and July 2.",2020-08-01,"https://nj.gov/infobank/eo/056murphy/pdf/EO-171.pdf"
"170","Governor Murphy Signs Executive Order Extending Certain Statutory Deadlines Across State Government  Appendix To Executive Order No. 170",2020-07-31,"https://nj.gov/infobank/eo/056murphy/pdf/EO-170.pdf"
"169","Governor Murphy Signs Executive Order which clarifies Executive Order No. 164 and states that the postponement of annual municipal and county party committee reorganization meetings is only applicable to municipal party committees and county party committees that held elections during the July primary elections.",2020-07-20,"https://nj.gov/infobank/eo/056murphy/pdf/EO-169.pdf"
"168","Governor Murphy Signs Executive Order Allowing the Resumption of Contact Practices and Competitions for Certain Organized Sports in Outdoor Settings",2020-07-20,"https://nj.gov/infobank/eo/056murphy/pdf/EO-168.pdf"
"167","Governor Murphy Signs Executive Order Directing U.S. and New Jersey Flags to Fly at Half-Staff in Honor of U.S. Representative John Lewis",2020-07-18,"https://nj.gov/infobank/eo/056murphy/pdf/EO-167.pdf"
"166","Governor Murphy Signs Executive Order Creating Greater Oversight and Accountability for Federal COVID-19 Resources",2020-07-17,"https://nj.gov/infobank/eo/056murphy/pdf/EO-166.pdf"
"165","Governor Murphy Signs Executive Order Lifting 50 Percent Capacity Limits on NJ TRANSIT and Private-Carrier Vehicles",2020-07-13,"https://nj.gov/infobank/eo/056murphy/pdf/EO-165.pdf"
"164","Governor Murphy Announces Postponement of Annual Municipal and County Party Committee Reorganization Meetings",2020-07-13,"https://nj.gov/infobank/eo/056murphy/pdf/EO-164.pdf"
"163","Governor Murphy Signs Executive Order Requiring Individuals to Wear Masks in Outdoor Public Spaces When They Cannot Social Distance",2020-07-08,"https://nj.gov/infobank/eo/056murphy/pdf/EO-163.pdf"
"162","Governor Murphy Signs Executive Order Extending Public Health Emergency in New Jersey",2020-07-02,"https://nj.gov/infobank/eo/056murphy/pdf/EO-162.pdf"
"161","Governor Murphy Announces Increased Outdoor Gathering Capacity Limit",2020-07-02,"https://nj.gov/infobank/eo/056murphy/pdf/EO-161.pdf"
"160","Governor Murphy Directs U.S. and New Jersey Flags to Fly at Full Staff Starting July 3",2020-07-02,"https://nj.gov/infobank/eo/056murphy/pdf/EO-160.pdf"
"159","Governor Murphy Signs Executive Order Extending Certain Statutory Deadlines Across State Government - Appendix To Executive Order No. 159",2020-06-30,"https://nj.gov/infobank/eo/056murphy/pdf/EO-159.pdf"
"158","Governor Murphy Signs Executive Order Temporarily Pausing the Resumption of Indoor Dining",2020-06-29,"https://nj.gov/infobank/eo/056murphy/pdf/EO-158.pdf"
"157","Governor Murphy Signs Executive Order Establishing Rules for Indoor Dining, Indoor Recreational Facilities, and Individualized Instruction at Gyms and Fitness Centers",2020-06-26,"https://nj.gov/infobank/eo/056murphy/pdf/EO-157.pdf"
"156","Governor Murphy Announces Increased Indoor and Outdoor Gathering Capacity Limits",2020-06-22,"https://nj.gov/infobank/eo/056murphy/pdf/EO-156.pdf"
"155","Governor Murphy Signs Executive Order Allowing for Limited In-Person Instruction at Institutions of Higher Education and Trade and Training Schools Beginning July 1",2020-06-18,"https://nj.gov/infobank/eo/056murphy/pdf/EO-155.pdf"
"154","Governor Murphy Signs Executive Order Allowing Personal Care Service Facilities to Open Effective June 22",2020-06-13,"https://nj.gov/infobank/eo/056murphy/pdf/EO-154.pdf"
"153","Governor Murphy Signs Executive Order Opening Pools Effective June 22, and Opening Additional Outdoor Recreational Businesses",2020-06-09,"https://nj.gov/infobank/eo/056murphy/pdf/EO-153.pdf"
"152","Governor Murphy Signs Executive Order Lifting Limits on Indoor and Outdoor Gatherings",2020-06-09,"https://nj.gov/infobank/eo/056murphy/pdf/EO-152.pdf"
"151","Governor Murphy Signs Executive Order Extending Public Health Emergency in New Jersey",2020-06-04,"https://nj.gov/infobank/eo/056murphy/pdf/EO-151.pdf"
"150","Governor Murphy Announces Outdoor Dining Protocols and Process to Expand Premises for Liquor License Holders",2020-06-03,"https://nj.gov/infobank/eo/056murphy/pdf/EO-150.pdf"
"149","Governor Murphy Signs Executive Order Allowing Resumption of Child Care Services, Youth Day Camps, and Organized Sports Over the Coming Weeks",2020-05-30,"https://nj.gov/infobank/eo/056murphy/pdf/EO-149.pdf"
"148","Governor Murphy Signs Executive Order Increasing Capacity Limit on Outdoor Gatherings",2020-05-22,"https://nj.gov/infobank/eo/056murphy/pdf/EO-148.pdf"
"147","Governor Murphy Signs Executive Order",2020-05-18,"https://nj.gov/infobank/eo/056murphy/pdf/EO-147.pdf"
"146","Governor Murphy Signs Executive Order to Reopen Charter Fishing and Watercraft Rental Businesses",2020-05-16,"https://nj.gov/infobank/eo/056murphy/pdf/EO-146.pdf"
"145","Governor Murphy Signs Executive Order Allowing Elective Surgeries and Invasive Procedures to Resume on May 26",2020-05-15,"https://nj.gov/infobank/eo/056murphy/pdf/EO-145.pdf"
"144","Governor Murphy Signs Executive Order to Protect Public Health by Mailing Every Registered Voter a VBM Ballot or Application Ahead of the Primary Election",2020-05-15,"https://nj.gov/infobank/eo/056murphy/pdf/EO-144.pdf"
"143","Governor Murphy Signs Executive Order Allowing Beaches, Boardwalks, Lakes, and Lakeshores to Remain Open with Social Distancing Measures in Place",2020-05-14,"https://nj.gov/infobank/eo/056murphy/pdf/EO-143.pdf"
"142","Governor Murphy Signs Executive Order Permitting Resumption of Non-Essential Construction, Curbside Pickup at Non-Essential Retail Businesses, and Gatherings in Cars",2020-05-13,"https://nj.gov/infobank/eo/056murphy/pdf/EO-142.pdf"
"141","Governor Murphy today signed Executive Order No. 141 mandating that all local, county, and regional health departments use the CommCare platform to support their contact tracing efforts.",2020-05-12,"https://nj.gov/infobank/eo/056murphy/pdf/EO-141.pdf"
"140","Governor Murphy Names Restart and Recovery Advisory Council",2020-05-08,"https://nj.gov/infobank/eo/056murphy/pdf/EO-140.pdf"
"139","Governor Murphy Directs U.S. and New Jersey Flags to Fly at Half-Staff in Honor of the 75th Anniversary of V-E Day",2020-05-08,"https://nj.gov/infobank/eo/056murphy/pdf/EO-139.pdf"
"138","Governor Murphy Signs Executive Order Extending Public Health Emergency in New Jersey",2020-05-06,"https://nj.gov/infobank/eo/056murphy/pdf/EO-138.pdf"
"137","Governor Murphy Signs Executive Order to Recognize New Fiscal Realities Due to COVID-19 Pandemic",2020-05-04,"https://nj.gov/infobank/eo/056murphy/pdf/EO-137.pdf"
"136","Governor Murphy Signs Executive Order Extending Statutory Deadlines for Various Environmental Laws",2020-05-02,"https://nj.gov/infobank/eo/056murphy/pdf/EO-136.pdf"
"135","Governor Phil Murphy today signed Executive Order No. 135, suspending in-person requirements for receipt of a marriage license and marriage ceremonies, and for the receipt of working papers for minors.",2020-05-01,"https://nj.gov/infobank/eo/056murphy/pdf/EO-135.pdf"
"134","Governor Murphy Directs U.S. and New Jersey Flags to Fly at Half-Staff in Honor of Former First Lady Debby Kean",2020-04-30,"https://nj.gov/infobank/eo/056murphy/pdf/EO-134.pdf"
"133","Governor Murphy Signs Executive Order Reopening State Parks and Golf Courses",2020-04-29,"https://nj.gov/infobank/eo/056murphy/pdf/EO-133.pdf"
"132","Governor Murphy Signs Executive Order Allowing Electronic Petition Submission and Signature Collection for Initiatives and Referenda",2020-04-29,"https://nj.gov/infobank/eo/056murphy/pdf/EO-132.pdf"
"131","Governor Phil Murphy today signed an executive order creating a commission charged with advising the administration on the timing and preparation for New Jersey’s recovery from the COVID-19 shutdown.",2020-04-28,"https://nj.gov/infobank/eo/056murphy/pdf/EO-131.pdf"
"130","Governor Murphy Signs Executive Order Allowing Municipalities to Extend Grace Period for May 1st Property Tax Payments until June 1st",2020-04-28,"https://nj.gov/infobank/eo/056murphy/pdf/EO-130.pdf"
"129","Governor Murphy today signed Executive Order No. 129, which extends Retired Officer Carry Permits by a period of 90 days until after the ongoing Public Health Emergency ends.",2020-04-27,"https://nj.gov/infobank/eo/056murphy/pdf/EO-129.pdf"
"128","Governor Murphy Signs Executive Order Providing Critical Short-Term Support for Renters",2020-04-24,"https://nj.gov/infobank/eo/056murphy/pdf/EO-128.pdf"
"127","Governor Murphy Signs Executive Order Extending Certain Deadlines Associated with Rulemaking",2020-04-14,"https://nj.gov/infobank/eo/056murphy/pdf/EO-127.pdf"
"126","Governor Murphy Signs Executive Order Prohibiting Cable and Telecommunications Providers from Terminating Internet and Voice Service",2020-04-13,"https://nj.gov/infobank/eo/056murphy/pdf/EO-126.pdf"
"125","Governor Murphy Signs Executive Order to Implement Additional Mitigation Requirements on NJ TRANSIT, Private Carriers, and Restaurants to Limit the Spread of COVID-19",2020-04-11,"https://nj.gov/infobank/eo/056murphy/pdf/EO-125.pdf"
"124","Governor Murphy Signs Executive Order to Establish a Process to Grant Temporary Reprieve to Certain At-Risk Inmates",2020-04-10,"https://nj.gov/infobank/eo/056murphy/pdf/EO-124.pdf"
"123","Governor Murphy Signs Executive Order Extending Insurance Premium Grace Periods",2020-04-09,"https://nj.gov/infobank/eo/056murphy/pdf/EO-123.pdf"
"122","Governor Murphy Signs Executive Order to Cease All Non-Essential Construction Projects and Imposes Additional Mitigation Requirements on Essential Retail Businesses and Industries to Limit the Spread of COVID-19",2020-04-08,"https://nj.gov/infobank/eo/056murphy/pdf/EO-122.pdf"
"121","Governor Murphy Signs Executive Order Allowing Greater Weight Limit for Vehicles Carrying COVID-19 Relief Supplies",2020-04-08,"https://nj.gov/infobank/eo/056murphy/pdf/EO-121.pdf"
"120","Governor Murphy Announces Postponement of June 2nd Primary Elections until July 7th",2020-04-08,"https://nj.gov/infobank/eo/056murphy/pdf/EO-120.pdf"
"119","Governor Murphy Signs Executive Order Extending Public Health Emergency in New Jersey",2020-04-07,"https://nj.gov/infobank/eo/056murphy/pdf/EO-119.pdf"
"118","Governor Murphy Signs Executive Order Closing State and County Parks to Further Social Distancing",2020-04-07,"https://nj.gov/infobank/eo/056murphy/pdf/EO-118.pdf"
"117","Governor Murphy Signs Executive Order Waiving Student Assessment Requirements for 2019-2020 School Year",2020-04-07,"https://nj.gov/infobank/eo/056murphy/pdf/EO-117.pdf"
"116","Governor Murphy Signs Executive Order Extending Statutory Deadlines for School Districts Whose Elections Were Moved from April to May",2020-04-07,"https://nj.gov/infobank/eo/056murphy/pdf/EO-116.pdf"
"115","Governor Murphy Signs Executive Order to Strengthen COVID-19 Response Efforts by Allowing Certain Retirees to Return to Public Employment",2020-04-06,"https://nj.gov/infobank/eo/056murphy/pdf/EO-115.pdf"
"114","Governor Murphy Directs U.S. and New Jersey Flags to Fly at Half-Staff Indefinitely in Honor of Those Who Have Lost Their Lives or Have Been Affected by COVID-19",2020-04-03,"https://nj.gov/infobank/eo/056murphy/pdf/EO-114.pdf"
"113","Governor Murphy Signs Executive Order Authorizing Commandeering of Property Such as Medical Supplies",2020-04-02,"https://nj.gov/infobank/eo/056murphy/pdf/EO-113.pdf"
"112","Governor Murphy Signs Executive Order to Remove Barriers to Health Care Professionals Joining New Jersey's COVID-19 Response and Provide Protections for Front Line Health Care Responders",2020-04-01,"https://nj.gov/infobank/eo/056murphy/pdf/EO-112.pdf"
"111","Governor Murphy Signs Executive Order Directing Health Care Facilities to Report Data, Including PPE Inventory and Bed Capacity, On a Daily Basis",2020-03-28,"https://nj.gov/infobank/eo/056murphy/pdf/EO-111.pdf"
"110","Governor Murphy Signs Executive Order Requiring Child Care Centers Close on April 1 Unless Serving Children of Essential Workers",2020-03-25,"https://nj.gov/infobank/eo/056murphy/pdf/EO-110.pdf"
"109","Governor Murphy Suspends All Elective Surgeries, Invasive Procedures to Preserve Essential Equipment and Hospital Capacity",2020-03-23,"https://nj.gov/infobank/eo/056murphy/pdf/EO-109.pdf"
"108","Governor Murphy invalidates any county or municipal restriction that in any way will or might conflict with any of the provisions of Executive Order No. 107",2020-03-21,"https://nj.gov/infobank/eo/056murphy/pdf/EO-108.pdf"
"107","Governor Murphy directs all residents to stay at home until further notice",2020-03-21,"https://nj.gov/infobank/eo/056murphy/pdf/EO-107.pdf"
"106","Governor Murphy Enacts Moratorium on Removals of Individuals Due to Evictions or Foreclosures",2020-03-19,"https://nj.gov/infobank/eo/056murphy/pdf/EO-106.pdf"
"105","Governor Murphy Announces Changes to Upcoming New Jersey Elections in Response to COVID-19",2020-03-19,"https://nj.gov/infobank/eo/056murphy/pdf/EO-105.pdf"
"104","Governor Murphy Announces Aggressive Social Distancing Measures to Mitigate Further Spread of COVID-19 in New Jersey",2020-03-16,"https://nj.gov/infobank/eo/056murphy/pdf/EO-104.pdf"
"103","Governor Murphy declares a State of Emergency and a Public Health Emergency, effective immediately",2020-03-09,"https://nj.gov/infobank/eo/056murphy/pdf/EO-103.pdf"
"102","Governor Murphy Signs Executive Order Establishing Coronavirus Task Force",2020-02-03,"https://nj.gov/infobank/eo/056murphy/pdf/EO-102.pdf"
"101","Governor Murphy Directs U.S. and New Jersey Flags to Fly at Half-Staff in Honor of Former State Police Superintendent Colonel Justin J. Dintino",2020-01-30,"https://nj.gov/infobank/eo/056murphy/pdf/EO-101.pdf"
"100","Governor Murphy Unveils Energy Master Plan and Signs Executive Order Directing Sweeping Regulatory Reform to Reduce Emissions and Adapt to Climate Change",2020-01-27,"https://nj.gov/infobank/eo/056murphy/pdf/EO-100.pdf"
"99","Governor Murphy Directs U.S. and New Jersey Flags to Fly at Half-Staff in Honor of Former Assembly Minority Leader and Senator C. Robert Sarcone",2020-01-23,"https://nj.gov/infobank/eo/056murphy/pdf/EO-99.pdf"
"98","Governor Murphy Directs U.S. and New Jersey Flags to Fly at Half-Staff in Honor of Sergeant 1st Class Michael Goble",2020-01-03,"https://nj.gov/infobank/eo/056murphy/pdf/EO-98.pdf"
"97","Governor Murphy Directs U.S. and New Jersey Flags to Fly at Half-Staff in Honor of Buena Vista Mayor Chuck Chiarello",2019-12-19,"https://nj.gov/infobank/eo/056murphy/pdf/EO-97.pdf"
"96","Governor Murphy Directs U.S. and New Jersey Flags to Fly at Half-Staff in Honor of the Victims of the Jersey City Hate Crime",2019-12-12,"https://nj.gov/infobank/eo/056murphy/pdf/EO-96.pdf"
"95","Governor Murphy Directs U.S. and New Jersey Flags to Fly at Half-Staff in Honor of Former Newark Councilman and Community Leader Calvin West",2019-12-06,"https://nj.gov/infobank/eo/056murphy/pdf/EO-95.pdf"
"94","Governor Murphy Directs U.S. and New Jersey Flags to Fly at Half-Staff in Honor of Monsignor Philip Lowery",2019-12-04,"https://nj.gov/infobank/eo/056murphy/pdf/EO-94.pdf"
"93","Governor Murphy Directs U.S. and New Jersey Flags to Fly at Half-Staff in Honor of Former Assemblywoman Mary Taylor Previte",2019-11-22,"https://nj.gov/infobank/eo/056murphy/pdf/EO-93.pdf"
"92","Governor Murphy Signs Executive Order to Increase Offshore Wind Goal to 7,500 Megawatts by 2035",2019-11-19,"https://nj.gov/infobank/eo/056murphy/pdf/EO-92.pdf"
"91","Governor Murphy Signs Executive Order Creating Public Bank Implementation Board",2019-11-13,"https://nj.gov/infobank/eo/056murphy/pdf/EO-91.pdf"
"90","Governor Murphy Directs U.S. and New Jersey Flags to Fly at Half-Staff in Honor of U.S. Representative Bill Hughes",2019-11-03,"https://nj.gov/infobank/eo/056murphy/pdf/EO-90.pdf"
"89","Governor Murphy Signs Executive Order to Establish Statewide Climate Change Resilience Strategy",2019-10-29,"https://nj.gov/infobank/eo/056murphy/pdf/EO-89.pdf"
"88","Governor Phil Murphy today ordered that the U.S. and New Jersey flags be flown at half-staff at all State departments, offices, agencies, and instrumentalities during appropriate hours from Tuesday, October 22, 2019, to Friday, October 25, 2019, in recognition and mourning of a tireless public servant, United States Representative Elijah E. Cummings.",2019-10-18,"https://nj.gov/infobank/eo/056murphy/pdf/EO-88.pdf"
"87","Governor Phil Murphy today ordered that the U.S. and New Jersey flags be flown at half-staff at all state buildings and facilities on Monday, October 21, 2019, in recognition of the passing of former Assembly Speaker Bill Hamilton",2019-10-17,"https://nj.gov/infobank/eo/056murphy/pdf/EO-87.pdf"
"86","Governor Murphy Directs the  flag of the United States of America and the flag of New Jersey shall be flown at half-staff in recognition and mourning of a dedicated and tireless public servant, Senator Anthony R. Bucco.",2019-09-18,"https://nj.gov/infobank/eo/056murphy/pdf/EO-86.pdf"
"85","Governor Murphy Directs the Lowering of U.S. and New Jersey Flags in recognition and mourning of a courageous and loyal American hero, Fireman 3rd Class Harold Kendall “Brud” Costill",2019-09-13,"https://nj.gov/infobank/eo/056murphy/pdf/EO-85.pdf"
"84","Executive Order Creating Electronic Smoking Device Task Force",2019-09-12,"https://nj.gov/infobank/eo/056murphy/pdf/EO-84.pdf"
"83","Executive Order Uses State's Purchasing and Regulatory Powers to Promote Adoption of Gun Safety Principles by Gun Manufacturers and Retailers",2019-09-10,"https://nj.gov/infobank/eo/056murphy/pdf/EO-83.pdf"
"82","Governor Murphy Orders Flags to Fly at Half-Staff in Observation of 9/11 Anniversary",2019-09-09,"https://nj.gov/infobank/eo/056murphy/pdf/EO-82.pdf"
"81","Takes measures to prevent the risk or appearance that business entities will seek to gain an advantage in obtaining State government contracts for compensated legal services by providing a State agency with legal services on a pro bono basis",2019-09-03,"https://nj.gov/infobank/eo/056murphy/pdf/EO-81.pdf"
"80","Directs TRANSIT to Release Monthly Rail Performance Metrics",2019-08-19,"https://nj.gov/infobank/eo/056murphy/pdf/EO-80.pdf"
"79","Governor Murphy Signs Executive Order Establishing Council on Offshore Wind",2019-08-16,"https://nj.gov/infobank/eo/056murphy/pdf/EO-79.pdf"
"78","Acting Governor Oliver Issues Executive Order to Address Rising Bias Incidents Among Youth",2019-08-07,"https://nj.gov/infobank/eo/056murphy/pdf/EO-78.pdf"
"77","Acting Governor Oliver Directs the Lowering of U.S. and New Jersey Flags in Honor of Toni Morrison",2019-08-07,"https://nj.gov/infobank/eo/056murphy/pdf/EO-77.pdf"
"76","Acting Governor Oliver Directs the Lowering of U.S. and New Jersey Flags in Honor of El Paso and Dayton Domestic Terrorist Attack Victims",2019-08-05,"https://nj.gov/infobank/eo/056murphy/pdf/EO-76.pdf"
"75","Governor Murphy Directs the Lowering of U.S. and New Jersey Flags in Honor of Justice John Paul Stevens",2019-07-19,"https://nj.gov/infobank/eo/056murphy/pdf/EO-75.pdf"
"74","Directs the New Jersey Department of Human Services and the New Jersey Department of Labor and Workforce Development to advance immigrant and refugee integration initiatives, including the design of an Office of New Americans.",2019-07-04,"https://nj.gov/infobank/eo/056murphy/pdf/EO-74.pdf"
"73","Governor Phil Murphy Signs Executive Order No. 73 directing the Treasury’s Office of Management and Budget to place up to $235 million in discretionary spending into reserve, which will be monitored by Treasury",2019-06-30,"https://nj.gov/infobank/eo/056murphy/pdf/EO-73.pdf"
"72","Governor Murphy Directs the Lowering of U.S. and New Jersey Flags in Honor of Veteran Kevin Yali",2019-06-25,"https://nj.gov/infobank/eo/056murphy/pdf/EO-72.pdf"
"71","Governor Murphy Lifts State of Emergency in Burlington, Camden, and Gloucester Counties",2019-06-24,"https://nj.gov/infobank/eo/056murphy/pdf/EO-71.pdf"
"70","Governor Murphy Declares a State of Emergency in Burlington, Camden, and Gloucester Counties.",2019-06-20,"https://nj.gov/infobank/eo/056murphy/pdf/EO-70.pdf"
"69","Governor Murphy Directs the Lowering of U.S. and New Jersey Flags in Honor of West Point Cadet Christopher “C.J.” Morgan",2019-06-11,"https://nj.gov/infobank/eo/056murphy/pdf/EO-69.pdf"
"68","Governor Murphy Signs Executive Order to Continue the New Jersey Hellenic-American Heritage Commission",2019-05-29,"https://nj.gov/infobank/eo/056murphy/pdf/EO-68.pdf"
"67","Governor Murphy Directs the Lowering of U.S. and New Jersey Flags in Honor of Private First Class Anthony P. Steitz",2019-05-01,"https://nj.gov/infobank/eo/056murphy/pdf/EO-67.pdf"
"66","Governor Murphy Directs the Lowering of U.S. and New Jersey Flags in Honor of Former Senate Minority Leader Thomas Gagliano",2019-04-16,"https://nj.gov/infobank/eo/056murphy/pdf/EO-66.pdf"
"65","Governor Murphy Directs the Lowering of U.S. and New Jersey Flags in Honor of U.S. Army Specialist Nicholas DiMona III",2019-04-15,"https://nj.gov/infobank/eo/056murphy/pdf/EO-65.pdf"
"64","Governor Murphy Directs the Lowering of U.S. and New Jersey Flags in Honor of Principal Derrick Nelson of Westfield High School",2019-04-12,"https://nj.gov/infobank/eo/056murphy/pdf/EO-64.pdf"
"63","Establishing new regulatory principles to foster economic growth and government efficiency. Rescinds and replaces Governor Christie’s Executive Orders No. 1 (2010) and No. 2 (2010)",2019-04-02,"https://nj.gov/infobank/eo/056murphy/pdf/EO-63.pdf"
"62","Governor Murphy Directs the Lowering of U.S. and New Jersey Flags in Honor of Former Newark Mayor Kenneth Gibson",2019-03-31,"https://nj.gov/infobank/eo/056murphy/pdf/EO-62.pdf"
"61","Governor Murphy Signs Executive Order establishing the Task Force on New Jersey’s Plan for Higher Education.",2019-03-26,"https://nj.gov/infobank/eo/056murphy/pdf/EO-61.pdf"
"60","The State of Emergency declared in Executive Order No. 59 (2019) is terminated effective at 12:00 p.m., Eastern Standard Time, on March 4, 2019.",2019-03-04,"https://nj.gov/infobank/eo/056murphy/pdf/EO-60.pdf"
"59","Declares a state of emergency across all 21 counties in New Jersey, allowing resources to be deployed throughout the state during the duration of the storm.",2019-03-03,"https://nj.gov/infobank/eo/056murphy/pdf/EO-59.pdf"
"58","The state of emergency that took effect on Wednesday, February 20, 2019, for all 21 counties in New Jersey will be lifted as of 6:00 a.m. on Thursday, February 21, 2019.",2019-02-20,"https://nj.gov/infobank/eo/056murphy/pdf/EO-58.pdf"
"57","Governor Murphy Declares State of Emergency Effective at 5:00 a.m. on February 20, 2019",2019-02-19,"https://nj.gov/infobank/eo/056murphy/pdf/EO-57.pdf"
"56","Governor Murphy Lifts State of Emergency Effective at 8:00 a.m.",2019-02-13,"https://nj.gov/infobank/eo/056murphy/pdf/EO-56.pdf"
"55","Gov. Phil Murphy declares state of emergency for NJ for Tuesday February 12.",2019-02-11,"https://nj.gov/infobank/eo/056murphy/pdf/EO-55.pdf"
"54","Governor Murphy Directs U.S. and New Jersey Flags to Fly at Half-Staff in Honor of trailblazing woman, Barbra Casbar Siperstein",2019-02-05,"https://nj.gov/infobank/eo/056murphy/pdf/EO-54.pdf"
"53","Governor Murphy Directs U.S. and New Jersey Flags to Fly at Half-Staff in Honor of Private First Class Jamie R. Riley",2019-01-30,"https://nj.gov/infobank/eo/056murphy/pdf/EO-53.pdf"
"52","Governor Murphy Signs Executive Order To Form Task Force to Examine Deficiencies of New Jersey’s Tax Incentive Programs",2019-01-24,"https://nj.gov/infobank/eo/056murphy/pdf/EO-52.pdf"
"51","The State of Emergency declared in Executive Order No. 50  is terminated effective at 7:00 a.m. Jan. 21",2019-01-21,"https://nj.gov/infobank/eo/056murphy/pdf/EO-51.pdf"
"50","Declares a State of Emergency beginning at noon on Saturday ahead of Winter Storm Harper",2019-01-18,"https://nj.gov/infobank/eo/056murphy/pdf/EO-50.pdf"
"49","Governor Murphy Directs U.S. and New Jersey Flags to Fly at Half-Staff in Honor of Assemblyman Albert S. Burstein",2019-01-04,"https://nj.gov/infobank/eo/056murphy/pdf/EO-49.pdf"
"48","Governor Murphy Directs U.S. and New Jersey Flags to Fly at Half-Staff in Honor of Senator John Dorsey",2018-12-20,"https://nj.gov/infobank/eo/056murphy/pdf/EO-48.pdf"
"47","Governor Murphy Directs the Lowering of U.S. and New Jersey Flags in Honor of President George H.W. Bush",2018-12-02,"https://nj.gov/infobank/eo/056murphy/pdf/EO-47.pdf"
"46","Governor Murphy Signs Executive Order establishing the Atlantic City Coordinating Council",2018-11-15,"https://nj.gov/infobank/eo/056murphy/pdf/EO-46.pdf"
"45","Governor Murphy Directs U.S. and New Jersey Flags to Fly at Half-Staff in Honor of Veterans Day and the 100th Anniversary of the End of World War I",2018-11-01,"https://nj.gov/infobank/eo/056murphy/pdf/EO-45.pdf"
"44","Directing the New Jersey Cybersecurity and Communications Integration Cell (NJCCIC), Coordinates all cybersecurity efforts necessary to protect infrastructure against cyberattacks.",2018-11-01,"https://nj.gov/infobank/eo/056murphy/pdf/EO-44.pdf"
"43","The flag of the United States of America and the flag of the State of New Jersey shall be flown at half-staff at all State departments, offices, agencies, and instrumentalities during appropriate hours from October 30, 2018, through November 4, 2018",2018-10-29,"https://nj.gov/infobank/eo/056murphy/pdf/EO-43.pdf"
"42","Governor Murphy Signs Executive Order establishing the  Task Force for the Continued Transformation of Youth Justice in New Jersey",2018-10-26,"https://nj.gov/infobank/eo/056murphy/pdf/EO-42.pdf"
"41","Governor Murphy Signs Executive Order Creating the Future of Work Task Force (the “Task Force”) that will evaluate how technological advancements will shape the future of New Jersey’s economy and workforce.",2018-10-05,"https://nj.gov/infobank/eo/056murphy/pdf/EO-41.pdf"
"40","Governor Murphy Signs Executive Order Creating NJ State Capital Partnership to Help Aid Trenton’s Revitalization",2018-09-26,"https://nj.gov/infobank/eo/056murphy/pdf/EO-40.pdf"
"39","The flag of the United States of America and the flag of the State of New Jersey shall be flown at half-staff at all State departments, offices, agencies, instrumentalities, and all public buildings during appropriate hours on Friday, September 14",2018-09-13,"https://nj.gov/infobank/eo/056murphy/pdf/EO-39.pdf"
"38","The flag of the United States of America and the flag of the State of New Jersey shall be flown at half-staff at all State departments, offices, agencies, instrumentalities, and all public buildings during appropriate hours on Tue., Sept. 11, 2018",2018-09-04,"https://nj.gov/infobank/eo/056murphy/pdf/EO-38.pdf"
"37","The State of Emergency declared in Executive Order No. 33 (2018) is terminated effective at 2:00 p.m., Eastern Standard Time, on September 4, 2018.",2018-09-04,"https://nj.gov/infobank/eo/056murphy/pdf/EO-37.pdf"
"36","The flag of the United States of America and the flag of New Jersey shall be flown at half-staff at all State departments, offices, agencies, and instrumentalities during appropriate hours from Tuesday.....",2018-08-27,"https://nj.gov/infobank/eo/056murphy/pdf/EO-36.pdf"
"35","Governor Murphy Directs U.S. and New Jersey Flags to Fly at Half-Staff in Honor of Senator John McCain",2018-08-27,"https://nj.gov/infobank/eo/056murphy/pdf/EO-35.pdf"
"34","Governor Murphy Signs Executive  to protect black bears on lands controlled by the State of New Jersey",2018-08-20,"https://nj.gov/infobank/eo/056murphy/pdf/EO-34.pdf"
"33","Governor Murphy Signs Executive Order Declaring State of Emergency in Flood-Impacted Counties",2018-08-14,"https://nj.gov/infobank/eo/056murphy/pdf/EO-33.pdf"
"32","Governor Murphy orders DOH to install a monitor to review expenditures and assess the level of care provided at University Hospital in Newark",2018-07-27,"https://nj.gov/infobank/eo/056murphy/pdf/EO-32.pdf"
"31","Governor Murphy Formally Creates State Health Benefits Quality and Value Task Force, Appoints Commissioner Carole Johnson as Chair",2018-07-20,"https://nj.gov/infobank/eo/056murphy/pdf/EO-31.pdf"
"30","The flag of the United States of America and the flag of the State of New Jersey shall be flown at half-staff at all State departments, offices, agencies, and instrumentalities during appropriate hours on Tuesday, July 10, 2018, in recognition and mo",2018-07-06,"https://nj.gov/infobank/eo/056murphy/pdf/EO-30.pdf"
"29","Orders and directs that no State entity may use any state resources for the purpose of separating any child from his or her parent or legal guardian on the sole ground that such child, parent, or legal guardian is present in the United States in viol",2018-06-19,"https://nj.gov/infobank/eo/056murphy/pdf/EO-29.pdf"
"28","Governor Murphy Signs Measures to Advance New Jersey’s Clean Energy Economy",2018-05-23,"https://nj.gov/infobank/eo/056murphy/pdf/EO-28.pdf"
"27","The flag of the United States of America and the flag of New Jersey shall be flown at half-staff at all State departments, offices, agencies, and instrumentalities during appropriate hours on Tuesday, May 29, 2018, in recognition and mourning of a br",2018-05-22,"https://nj.gov/infobank/eo/056murphy/pdf/EO-27.pdf"
"26","Governor Murphy Directs U.S. and New Jersey Flags to Fly at Half-Staff in Honor of the Victims of the Route 80 Bus Accident",2018-05-18,"https://nj.gov/infobank/eo/056murphy/pdf/EO-26.pdf"
"25","Establishing Task Force on Employee Misclassification",2018-05-03,"https://nj.gov/infobank/eo/056murphy/pdf/EO-25.pdf"
"24","The flag of the United States of America and the flag of New Jersey shall be flown at half-staff at all State departments, offices, agencies, and instrumentalities during appropriate hours when the General Assembly returns to session on Monday, May 7",2018-04-23,"https://nj.gov/infobank/eo/056murphy/pdf/EO-24.pdf"
"23","Addresses Environmental Justice Issues in New Jersey’s Urban Communities",2018-04-20,"https://nj.gov/infobank/eo/056murphy/pdf/EO-23.pdf"
"22","The flag of the United States of America and the flag of New Jersey shall be flown at half-staff at all State departments, offices, agencies, and instrumentalities during appropriate hours on Thursday, April 19, 2018",2018-04-18,"https://nj.gov/infobank/eo/056murphy/pdf/EO-22.pdf"
"21","Governor, Attorney General Announce Actions to Keep Public Informed About Gun Crimes, Sources of Weapons",2018-04-06,"https://nj.gov/infobank/eo/056murphy/pdf/EO-21.pdf"
"20","Governor Murphy Directs New Jersey Flags to Fly at Half-Staff for the 50th Anniversary of Dr. Martin Luther King, Jr.'s Assassination",2018-04-03,"https://nj.gov/infobank/eo/056murphy/pdf/EO-20.pdf"
"19","Governor Murphy Signs Executive Order Allowing Youth Volunteers to Help Sandy Recovery Efforts",2018-03-29,"https://nj.gov/infobank/eo/056murphy/pdf/EO-19.pdf"
"18","Declare the State of Emergency declared on March 20, 2018 has been lifted",2018-03-26,"https://nj.gov/infobank/eo/056murphy/pdf/EO-18.pdf"
"17","Declares a State of Emergency exists throughout the State of New Jersey, effective at 7:00 p.m., Eastern Daylight Time, on March 20, 2018",2018-03-20,"https://nj.gov/infobank/eo/056murphy/pdf/EO-17.pdf"
"16","Executive Order No. 16 formally reaffirms the importance of the Judicial Advisory Panel and continuing its role in the Governor’s process of nominating judges to New Jersey’s state courts.",2018-03-20,"https://nj.gov/infobank/eo/056murphy/pdf/EO-16.pdf"
"15","The State of Emergency declared in Executive Order No. 14 (2018) is terminated effective at 10:00 a.m., Eastern Daylight Time, on March 13, 2018.",2018-03-13,"https://nj.gov/infobank/eo/056murphy/pdf/EO-15.pdf"
"14","Declares the state emergency across all 21 counties in the state, and allows for the extension of resources into other parts of the state as the storm continues to impact New Jersey.",2018-03-06,"https://nj.gov/infobank/eo/056murphy/pdf/EO-14.pdf"
"13","New Jersey flags be flown at half-staff at all state buildings and facilities on Friday, March 2, 2018. The flags will be lowered in memory of former three-time Mayor of Nutley and New Jersey State Senate President Carmen A. Orechio.",2018-02-27,"https://nj.gov/infobank/eo/056murphy/pdf/EO-13.pdf"
"12","Established a Governor’s Jobs and Economic Opportunity Council.",2018-02-27,"https://nj.gov/infobank/eo/056murphy/pdf/EO-12.pdf"
"11","The flag of the United States of America and the flag of the State of New Jersey shall be flown at half-staff at all State departments, offices, agencies, and instrumentalities during appropriate hours on Tuesday, February 20, 2018, in recognition an",2018-02-15,"https://nj.gov/infobank/eo/056murphy/pdf/EO-11.pdf"
"10","Established the Commission on Puerto Rico Relief.",2018-02-12,"https://nj.gov/infobank/eo/056murphy/pdf/EO-10.pdf"
"9","Requires that all future contracts for Internet, data, and telecommunications (“Internet and broadband”) be awarded only to ISPs that adhere to “net neutrality” principles.",2018-02-05,"https://nj.gov/infobank/eo/056murphy/pdf/EO-9.pdf"
"8","Promotes Offshore Wind Energy",2018-01-31,"https://nj.gov/infobank/eo/056murphy/pdf/EO-8.pdf"
"7","Directs New Jersey to Reenter the Regional Greenhouse Gas Initiative",2018-01-29,"https://nj.gov/infobank/eo/056murphy/pdf/EO-7.pdf"
"6","Mandating Review of New Jersey’s Medical Marijuana Policy",2018-01-23,"https://nj.gov/infobank/eo/056murphy/pdf/EO-6.pdf"
"5","The Commissioner of Transportation, who also serves as Chair of the NJ Transit Board, shall engage and direct one or more independent consultants to conduct a comprehensive strategic, financial and operational assessment of NJ Transit",2018-01-22,"https://nj.gov/infobank/eo/056murphy/pdf/EO-5.pdf"
"4","Ensure that every New Jerseyan has access to affordable health insurance",2018-01-21,"https://nj.gov/infobank/eo/056murphy/pdf/EO-4.pdf"
"3","The Office of the State Comptroller (“State Comptroller”) shall conduct a complete performance audit of the Grow New Jersey Assistance Program and the Economic Redevelopment and Growth Grant Program, and predecessor programs, from 2010 onward.",2018-01-19,"https://nj.gov/infobank/eo/056murphy/pdf/EO-3.pdf"
"2A","Code of Conduct for the Governor",2018-01-16,"https://nj.gov/infobank/eo/056murphy/pdf/EO-2A.pdf"
"2","Outlining Ethics and Standards",2018-01-16,"https://nj.gov/infobank/eo/056murphy/pdf/EO-2.pdf"
"1","Promoting Equal Pay, Gender Equity",2018-01-16,"https://nj.gov/infobank/eo/056murphy/pdf/EO-1.pdf"
